experiment,features,model,params,fold1_may_jun,fold2_jul_aug,fold3_sep_oct,mean_cv,std_cv,last_fold,diagnostic_oct,notes
E000_sample,none,provided sample,constant-like,,,,,,,,README reports approximately 0.48 leaderboard floor; not local CV
E010_weekly_naive,route×weekday×hour; last week,seasonal mean,n=1,0.749099,0.81416,0.823187,0.7954819999999999,0.03300412801453783,0.823187,0.886087,
E020_trimmed_trend,route×weekday×hour; 12 weeks; route trend,robust seasonal,trimmed; linear trend 6 weeks; strength=.25,0.796042,0.83278,0.826816,0.818546,0.016097926077603887,0.826816,,
E030_regime_global,route×weekday×hour; regular/summer/winter; holidays,regime seasonal,mean; 24 occurrences; holiday->Sunday,0.879176,0.816417,0.885024,0.8602056666666668,0.03105516889164975,0.885024,0.892643,
E040_route_cv,route-specific robust stats; regimes; holidays,segment seasonal,per-route config selected on 61-day folds,0.875267,0.816819,0.890967,0.8610176666666667,0.03190364766327234,0.890967,0.898548,Best mean 61-day CV family
E050_production,route-specific robust stats; regimes; holidays,75% stable-regime + 25% CV ensemble,fixed blend,0.86441,0.819266,0.882217,0.8552976666666666,0.026495069532944334,0.882217,0.911017,Chosen for Nov-Dec: regular->regular transition is closer to October diagnostic
E060_final_meta,route-specific robust stats; regimes; holidays,route-specific stable/CV meta-blend,weights selected on Mar-Apr + October stable regimes,0.860457,0.819505,0.876896,0.852286,0.024131661788336627,0.876896,0.911539,Previous regular-period base
E061_final_share,route-specific robust stats; regimes; normalized hourly shares,meta-blend + 25% share correction on routes 7 and 25,corrections accepted only after stable diagnostics,0.860486,0.819680,0.877219,0.852462,0.024113,0.877219,0.911686,Final v3 regular-period base; improves every aggregate holdout
E100_cat_origin_raw,calendar + leakage-safe weekly lags + route/entity categories,CatBoost direct 1-61d,MAE depth=8 iter=400,,,0.779581,0.779581,0.0,0.779581,,Underpredicts post-summer level
E101_cat_origin_residual,calendar + leakage-safe weekly lags + route/entity categories,CatBoost direct residual 1-61d,MAE depth=7 iter=300,,,0.807589,0.807589,0.0,0.807589,,
E102_cat_recursive,calendar + shifted weekly lags; predicted lags recursively,CatBoost recursive,MAE depth=8 iter=500,,,0.815333,0.815333,0.0,0.815333,,
E110_lgb_origin_residual,calendar + leakage-safe weekly lags + categorical route/hour,LightGBM direct residual 1-61d,L1 leaves=31 iter=500,,,0.813152,0.813152,0.0,0.813152,,
E120_daily_cat,past-only daily lags + regime stats + calendar,CatBoost route-day residual,MAE depth=7 iter=800; best blend per fold,0.86441,0.83479,0.88426,0.8611533333333333,0.02032690554139732,0.88426,0.911017,Rejected: improvement is not stable across regimes
E121_daily_cat_weather,past-only daily lags + regime stats + calendar + weather,CatBoost route-day residual,MAE depth=7 iter=500; best blend per fold,0.864410,0.833242,0.883455,0.860369,0.020651,0.883455,0.911017,Rejected: no October gain and unstable across folds
E122_supply_decomposition,historical active exits/garages + validations per vehicle,robust supply × rate decomposition,best stable configuration,0.820237,0.768739,0.863820,0.817599,0.038820,0.863820,0.886140,Rejected after streaming 62.4M raw events; future supply remains unknown
S210_scoremax_v3,official calendar + supplied GTFS + public operations notices + pre-closure history,deterministic forecast interventions,working 2025-11-01; route 5 2025-12-16; T1 2025-11-12; routes 7 and 50 restore 2025-11-15,,,,,,,,No hidden target used; exact operations notices were published inside forecast horizon
D900_oracle_daily_sep_oct,actual future route-day totals + historical hourly shares,non-deployable oracle,32-week share,,,0.91687,0.91687,0.0,0.91687,,Upper-bound diagnostic; uses future daily target and is forbidden
D901_oracle_daily_oct,actual future route-day totals + historical hourly shares,non-deployable oracle,4-week median share,,,,,,,0.923288,Upper-bound diagnostic; uses future daily target and is forbidden
