route_id;route;reg_num;route_type;trip_id;trip_short_name;direction_id;start_date;end_date;stop_sequence;stop_id;actual_date;stop_mode;is_addpoint;stop_name;stop_lat;stop_lon;is_deleted;valid_coords;map_eligible
4450;1;932;Тм;2040920;0;0;2025-10-11;;1;2594;2025-12-25;5;0;Чертаново Южное;55.59468022;37.59088377;0;True;True
4450;1;932;Тм;2040920;0;0;2025-10-11;;2;2595;2025-12-25;2;0;Чертаново Южное;55.59657683;37.58807507;0;True;True
4450;1;932;Тм;2040920;0;0;2025-10-11;;3;7879;2025-12-25;1;0;Поликлиника;55.59872098;37.58852605;0;True;True
4450;1;932;Тм;2040920;0;0;2025-10-11;;4;2597;2025-12-25;1;0;"ОВД ""Чертаново Южное""";55.60048714;37.58896473;0;True;True
4450;1;932;Тм;2040920;0;0;2025-10-11;;5;3804;2025-12-25;1;0;Чертановская улица, 53;55.60246308;37.58945246;0;True;True
4450;1;932;Тм;2040920;0;0;2025-10-11;;6;7880;2025-12-25;1;0;Кировоградские пруды;55.60611312;37.5903004;0;True;True
4450;1;932;Тм;2040920;0;0;2025-10-11;;7;2598;2025-12-25;1;0;Чертановская улица, 44;55.60899713;37.59102749;0;True;True
4450;1;932;Тм;2040920;0;0;2025-10-11;;8;2599;2025-12-25;1;0;Чертаново Центральное;55.61351128;37.59215968;0;True;True
4450;1;932;Тм;2040920;0;0;2025-10-11;;9;2600;2025-12-25;1;0;Детская стоматологическая поликлиника;55.61623051;37.59299208;0;True;True
4450;1;932;Тм;2040920;0;0;2025-10-11;;10;3805;2025-12-25;1;0;Чертановская улица, 28;55.61949019;37.59394526;0;True;True
4450;1;932;Тм;2040920;0;0;2025-10-11;;11;7883;2025-12-25;1;0;"Кинотеатр ""Ашхабад""";55.62456713;37.59605983;0;True;True
4450;1;932;Тм;2040920;0;0;2025-10-11;;12;2602;2025-12-25;1;0;Школьный парк;55.62849035;37.59899743;0;True;True
4450;1;932;Тм;2040920;0;0;2025-10-11;;13;2603;2025-12-25;1;0;Футбольная школа Чертаново;55.63118209;37.60102877;0;True;True
4450;1;932;Тм;2040920;0;0;2025-10-11;;14;2604;2025-12-25;1;0;Сумской проезд;55.63486141;37.60393742;0;True;True
4450;1;932;Тм;2040920;0;0;2025-10-11;;15;2605;2025-12-25;1;0;Верхний Чертановский пруд;55.63774302;37.60526029;0;True;True
4450;1;932;Тм;2040920;0;0;2025-10-11;;16;2606;2025-12-25;1;0;"Метро ""Чертановская""";55.64036325;37.60573152;0;True;True
4450;1;932;Тм;2040920;0;0;2025-10-11;;17;2607;2025-12-25;1;0;Балаклавский проспект;55.64306927;37.60569728;0;True;True
4450;1;932;Тм;2040920;0;0;2025-10-11;;18;2608;2025-12-25;1;0;Черноморский бульвар;55.6451741;37.60565615;0;True;True
4450;1;932;Тм;2040920;0;0;2025-10-11;;19;2609;2025-12-25;1;0;Симферопольский бульвар, 20;55.64941433;37.60557104;0;True;True
4450;1;932;Тм;2040920;0;0;2025-10-11;;20;2610;2025-12-25;1;0;"Метро ""Каховская""";55.65288042;37.60563747;0;True;True
4450;1;932;Тм;2040920;0;0;2025-10-11;;21;2611;2025-12-25;1;0;Болотниковская улица;55.65634537;37.60558607;0;True;True
4450;1;932;Тм;2040920;0;0;2025-10-11;;22;2612;2025-12-25;6;0;Москворецкий рынок;55.65841001;37.60862856;0;True;True
4450;1;932;Тм;2040921;0;1;2025-10-11;;1;2612;2025-12-25;1;0;Москворецкий рынок;55.65841001;37.60862856;0;True;True
4450;1;932;Тм;2040921;0;1;2025-10-11;;2;2613;2025-12-25;1;0;Болотниковская улица;55.65619014;37.60520769;0;True;True
4450;1;932;Тм;2040921;0;1;2025-10-11;;3;2614;2025-12-25;1;0;"Метро ""Каховская""";55.65352634;37.60513109;0;True;True
4450;1;932;Тм;2040921;0;1;2025-10-11;;4;2615;2025-12-25;1;0;Симферопольский бульвар, 20;55.64911174;37.60538678;0;True;True
4450;1;932;Тм;2040921;0;1;2025-10-11;;5;2616;2025-12-25;1;0;Черноморский бульвар;55.64561675;37.60545188;0;True;True
4450;1;932;Тм;2040921;0;1;2025-10-11;;6;2617;2025-12-25;1;0;Балаклавский проспект;55.64261869;37.6055104;0;True;True
4450;1;932;Тм;2040921;0;1;2025-10-11;;7;2618;2025-12-25;1;0;"Метро ""Чертановская""";55.64029108;37.60549058;0;True;True
4450;1;932;Тм;2040921;0;1;2025-10-11;;8;2619;2025-12-25;1;0;Верхний Чертановский пруд;55.63783765;37.60508089;0;True;True
4450;1;932;Тм;2040921;0;1;2025-10-11;;9;2620;2025-12-25;1;0;Сумской проезд;55.6339017;37.60309472;0;True;True
4450;1;932;Тм;2040921;0;1;2025-10-11;;10;2621;2025-12-25;1;0;Футбольная школа Чертаново;55.63134129;37.60087457;0;True;True
4450;1;932;Тм;2040921;0;1;2025-10-11;;11;2622;2025-12-25;1;0;Школьный парк;55.62872139;37.59842823;0;True;True
4450;1;932;Тм;2040921;0;1;2025-10-11;;12;2623;2025-12-25;1;0;"Кинотеатр ""Ашхабад""";55.62422888;37.59565143;0;True;True
4450;1;932;Тм;2040921;0;1;2025-10-11;;13;3806;2025-12-25;1;0;Чертановская улица, 28;55.61971205;37.5937583;0;True;True
4450;1;932;Тм;2040921;0;1;2025-10-11;;14;2625;2025-12-25;1;0;Детская стоматологическая поликлиника;55.61639525;37.59277378;0;True;True
4450;1;932;Тм;2040921;0;1;2025-10-11;;15;2626;2025-12-25;1;0;Чертаново Центральное;55.6117993;37.59149031;0;True;True
4450;1;932;Тм;2040921;0;1;2025-10-11;;16;7884;2025-12-25;1;0;Чертановская улица, 44;55.60913901;37.59083221;0;True;True
4450;1;932;Тм;2040921;0;1;2025-10-11;;17;7885;2025-12-25;1;0;Кировоградские пруды;55.60600164;37.59010077;0;True;True
4450;1;932;Тм;2040921;0;1;2025-10-11;;18;3807;2025-12-25;1;0;Чертановская улица, 53;55.60254477;37.5892918;0;True;True
4450;1;932;Тм;2040921;0;1;2025-10-11;;19;2627;2025-12-25;1;0;"ОВД ""Чертаново Южное""";55.60080494;37.5888636;0;True;True
4450;1;932;Тм;2040921;0;1;2025-10-11;;20;2596;2025-12-25;1;0;Поликлиника;55.5989509;37.58842431;0;True;True
4450;1;932;Тм;2040921;0;1;2025-10-11;;21;2628;2025-12-25;3;0;Чертаново Южное;55.59667811;37.58788823;0;True;True
4450;1;932;Тм;2040921;0;1;2025-10-11;;22;2594;2025-12-25;5;0;Чертаново Южное;55.59468022;37.59088377;0;True;True
3736;5;941;Тм;2035712;0;0;2025-12-16;;1;22101;2025-12-25;1;0;"Метро ""Рижская""";55.79273918;37.63413048;0;True;True
3736;5;941;Тм;2035712;0;0;2025-12-16;;2;22632;2025-12-25;1;0;Улица Гиляровского;55.789966;37.63267531;0;True;True
3736;5;941;Тм;2035712;0;0;2025-12-16;;3;22631;2025-12-25;1;0;Улица Щепкина;55.78904433;37.6296427;0;True;True
3736;5;941;Тм;2035712;0;0;2025-12-16;;4;22629;2025-12-25;1;0;Олимпийский проспект;55.78875653;37.62320838;0;True;True
3736;5;941;Тм;2035712;0;0;2025-12-16;;5;22626;2025-12-25;1;0;Улица Советской Армии;55.78855199;37.61725226;0;True;True
3736;5;941;Тм;2035712;0;0;2025-12-16;;6;1000594;2025-12-25;1;0;МИИТ;55.78888604;37.61010557;0;True;True
3736;5;941;Тм;2035712;0;0;2025-12-16;;7;6289;2025-12-25;1;0;Улица Образцова;55.79009323;37.60892124;0;True;True
3736;5;941;Тм;2035712;0;0;2025-12-16;;8;6290;2025-12-25;1;0;Дворец культуры МИИТ;55.78979413;37.60447266;0;True;True
3736;5;941;Тм;2035712;0;0;2025-12-16;;9;6598;2025-12-25;1;0;Минаевский переулок;55.7895382;37.60115188;0;True;True
3736;5;941;Тм;2035712;0;0;2025-12-16;;10;10559;2025-12-25;1;0;Тихвинский переулок;55.78791637;37.60050042;0;True;True
3736;5;941;Тм;2035712;0;0;2025-12-16;;11;16606;2025-12-25;1;0;Улица Палиха;55.78482452;37.6006964;0;True;True
3736;5;941;Тм;2035712;0;0;2025-12-16;;12;16608;2025-12-25;1;0;Лесная улица;55.78384494;37.59629689;0;True;True
3736;5;941;Тм;2035712;0;0;2025-12-16;;13;16609;2025-12-25;1;0;Миусское депо;55.78107394;37.59229699;0;True;True
3736;5;941;Тм;2035712;0;0;2025-12-16;;14;16611;2025-12-25;4;0;Дом культуры имени Зуева;55.77938614;37.58970088;0;True;True
3736;5;941;Тм;2035712;0;0;2025-12-16;;15;16612;2025-12-25;1;0;"Метро ""Белорусская""";55.77726964;37.58648288;0;True;True
3736;5;941;Тм;2035712;0;0;2025-12-16;;16;1001795;2025-12-25;6;0;Белорусский вокзал;55.77634643;37.58343516;0;True;True
3736;5;941;Тм;2035713;0;1;2025-12-16;;1;1001795;2025-12-25;1;0;Белорусский вокзал;55.77634643;37.58343516;0;True;True
3736;5;941;Тм;2035713;0;1;2025-12-16;;2;16614;2025-12-25;1;0;"Метро ""Белорусская""";55.77714634;37.58669239;0;True;True
3736;5;941;Тм;2035713;0;1;2025-12-16;;3;1002779;2025-12-25;4;0;Дом культуры имени Зуева;55.77925154;37.58994928;0;True;True
3736;5;941;Тм;2035713;0;1;2025-12-16;;4;16610;2025-12-25;1;0;Миусское депо;55.78086451;37.59247197;0;True;True
3736;5;941;Тм;2035713;0;1;2025-12-16;;5;16607;2025-12-25;1;0;Лесная улица;55.78370364;37.59664108;0;True;True
3736;5;941;Тм;2035713;0;1;2025-12-16;;6;21549;2025-12-25;1;0;Улица Палиха;55.78579101;37.60160559;0;True;True
3736;5;941;Тм;2035713;0;1;2025-12-16;;7;10560;2025-12-25;1;0;Тихвинский переулок;55.7875859;37.60090453;0;True;True
3736;5;941;Тм;2035713;0;1;2025-12-16;;8;6294;2025-12-25;1;0;Минаевский переулок;55.78947323;37.60257556;0;True;True
3736;5;941;Тм;2035713;0;1;2025-12-16;;9;1000596;2025-12-25;1;0;Дворец культуры МИИТ;55.7896183;37.60493144;0;True;True
3736;5;941;Тм;2035713;0;1;2025-12-16;;10;6295;2025-12-25;1;0;Улица Образцова;55.78993401;37.60909998;0;True;True
3736;5;941;Тм;2035713;0;1;2025-12-16;;11;22621;2025-12-25;1;0;МИИТ;55.78904404;37.60980978;0;True;True
3736;5;941;Тм;2035713;0;1;2025-12-16;;12;22627;2025-12-25;1;0;Улица Советской Армии;55.78844884;37.6160698;0;True;True
3736;5;941;Тм;2035713;0;1;2025-12-16;;13;22628;2025-12-25;1;0;Олимпийский проспект;55.78866905;37.6217527;0;True;True
3736;5;941;Тм;2035713;0;1;2025-12-16;;14;22630;2025-12-25;1;0;Улица Щепкина;55.7888373;37.62820185;0;True;True
3736;5;941;Тм;2035713;0;1;2025-12-16;;15;22633;2025-12-25;1;0;Улица Гиляровского;55.79089476;37.63345573;0;True;True
3736;5;941;Тм;2035713;0;1;2025-12-16;;16;22101;2025-12-25;6;0;"Метро ""Рижская""";55.79273918;37.63413048;0;True;True
4420;7;939;Тм;2042578;0;0;2025-12-20;;1;8605;2026-01-30;5;0;"Метро ""Бульвар Рокоссовского""";55.81425897;37.73418276;0;True;True
4420;7;939;Тм;2042578;0;0;2025-12-20;;2;8604;2026-01-30;2;0;"Метро ""Бульвар Рокоссовского""";55.81522012;37.7329065;0;True;True
4420;7;939;Тм;2042578;0;0;2025-12-20;;3;3693;2026-01-30;1;0;5-й проезд Подбельского;55.81686572;37.72699156;0;True;True
4420;7;939;Тм;2042578;0;0;2025-12-20;;4;3694;2026-01-30;1;0;3-й проезд Подбельского;55.81835183;37.72173105;0;True;True
4420;7;939;Тм;2042578;0;0;2025-12-20;;5;3695;2026-01-30;1;0;Игральная улица;55.81836239;37.71625979;0;True;True
4420;7;939;Тм;2042578;0;0;2025-12-20;;6;3696;2026-01-30;1;0;Погонный проезд;55.81977294;37.70979649;0;True;True
4420;7;939;Тм;2042578;0;0;2025-12-20;;7;3697;2026-01-30;1;0;Ланинский переулок;55.81903485;37.70534718;0;True;True
4420;7;939;Тм;2042578;0;0;2025-12-20;;8;3698;2026-01-30;1;0;Богородское;55.81702234;37.7008883;0;True;True
4420;7;939;Тм;2042578;0;0;2025-12-20;;9;6162;2026-01-30;1;0;Богородский храм;55.81492094;37.69562276;0;True;True
4420;7;939;Тм;2042578;0;0;2025-12-20;;10;3614;2026-01-30;1;0;Инновационный университет;55.81229936;37.69781074;0;True;True
4420;7;939;Тм;2042578;0;0;2025-12-20;;11;3615;2026-01-30;1;0;1-я Прогонная улица;55.80998018;37.70357601;0;True;True
4420;7;939;Тм;2042578;0;0;2025-12-20;;12;3616;2026-01-30;1;0;"Телерадиокомпания ""МИР""";55.80717974;37.70608636;0;True;True
4420;7;939;Тм;2042578;0;0;2025-12-20;;13;3617;2026-01-30;1;0;Мосгорсуд;55.80466788;37.70709936;0;True;True
4420;7;939;Тм;2042578;0;0;2025-12-20;;14;3618;2026-01-30;1;0;Улица Хромова;55.79992558;37.71265136;0;True;True
4420;7;939;Тм;2042578;0;0;2025-12-20;;15;8630;2026-01-30;1;0;"Метро ""Преображенская площадь""";55.79762528;37.71451347;0;True;True
4420;7;939;Тм;2042578;0;0;2025-12-20;;16;6242;2026-01-30;1;0;Преображенская площадь;55.79524841;37.70927947;0;True;True
4420;7;939;Тм;2042578;0;0;2025-12-20;;17;3445;2026-01-30;1;0;Трамвайное депо имени Русакова;55.79456422;37.69947064;0;True;True
4420;7;939;Тм;2042578;0;0;2025-12-20;;18;6365;2026-01-30;1;0;Малая Остроумовская улица;55.79319443;37.690769;0;True;True
4420;7;939;Тм;2042578;0;0;2025-12-20;;19;6366;2026-01-30;1;0;"Клуб Русакова - Сцена ""Мельников""";55.7915125;37.68653569;0;True;True
4420;7;939;Тм;2042578;0;0;2025-12-20;;20;1002188;2026-01-30;1;0;"Метро ""Сокольники""";55.78931715;37.68092463;0;True;True
4420;7;939;Тм;2042578;0;0;2025-12-20;;21;6164;2026-01-30;1;0;МЦД Митьково;55.78526693;37.67560718;0;True;True
4420;7;939;Тм;2042578;0;0;2025-12-20;;22;6165;2026-01-30;1;0;Леснорядская улица;55.78170137;37.67039099;0;True;True
4420;7;939;Тм;2042578;0;0;2025-12-20;;23;6166;2026-01-30;1;0;"Метро ""Красносельская""";55.77971829;37.66659557;0;True;True
4420;7;939;Тм;2042578;0;0;2025-12-20;;24;13919;2026-01-30;1;0;"Метро ""Комсомольская""";55.77552831;37.65623168;0;True;True
4420;7;939;Тм;2042578;0;0;2025-12-20;;25;22638;2026-01-30;1;0;МЦД Площадь трёх вокзалов;55.77473788;37.65289941;0;True;True
4420;7;939;Тм;2042578;0;0;2025-12-20;;26;3450;2026-01-30;1;0;Каланчёвская улица;55.77634369;37.64971228;0;True;True
4420;7;939;Тм;2042578;0;0;2025-12-20;;27;21551;2026-01-30;1;0;Пантелеевская улица;55.77951421;37.64543248;0;True;True
4420;7;939;Тм;2042578;0;0;2025-12-20;;28;7258;2026-01-30;1;0;Астраханский переулок;55.77974859;37.64162925;0;True;True
4420;7;939;Тм;2042578;0;0;2025-12-20;;29;13134;2026-01-30;1;0;Ботанический переулок;55.77997341;37.6391092;0;True;True
4420;7;939;Тм;2042578;0;0;2025-12-20;;30;4173;2026-01-30;1;0;"Метро ""Проспект Мира""";55.7804434;37.6345373;0;True;True
4420;7;939;Тм;2042578;0;0;2025-12-20;;31;16514;2026-01-30;1;0;"Спорткомплекс ""Олимпийский""";55.7807391;37.63235141;0;True;True
4420;7;939;Тм;2042578;0;0;2025-12-20;;32;14133;2026-01-30;4;0;Улица Гиляровского;55.77919093;37.63072917;0;True;True
4420;7;939;Тм;2042578;0;0;2025-12-20;;33;4174;2026-01-30;1;0;Улица Щепкина;55.77836559;37.62956519;0;True;True
4420;7;939;Тм;2042578;0;0;2025-12-20;;34;1002615;2026-01-30;1;0;Театр зверей имени Дурова;55.7790867;37.62317172;0;True;True
4420;7;939;Тм;2042578;0;0;2025-12-20;;35;4176;2026-01-30;4;0;Самотёчная улица;55.77860272;37.61683998;0;True;True
4420;7;939;Тм;2042578;0;0;2025-12-20;;36;4177;2026-01-30;4;0;4-й Самотёчный переулок;55.77930654;37.61339067;0;True;True
4420;7;939;Тм;2042578;0;0;2025-12-20;;37;4178;2026-01-30;4;0;Селезнёвская улица;55.78053319;37.60917231;0;True;True
4420;7;939;Тм;2042578;0;0;2025-12-20;;38;4179;2026-01-30;4;0;Улица Достоевского;55.78262541;37.61100272;0;True;True
4420;7;939;Тм;2042578;0;0;2025-12-20;;39;22368;2026-01-30;1;0;Площадь Борьбы;55.78515112;37.60507099;0;True;True
4420;7;939;Тм;2042578;0;0;2025-12-20;;40;16606;2026-01-30;1;0;Улица Палиха;55.78482452;37.6006964;0;True;True
4420;7;939;Тм;2042578;0;0;2025-12-20;;41;16608;2026-01-30;1;0;Лесная улица;55.78384494;37.59629689;0;True;True
4420;7;939;Тм;2042578;0;0;2025-12-20;;42;16609;2026-01-30;1;0;Миусское депо;55.78107394;37.59229699;0;True;True
4420;7;939;Тм;2042578;0;0;2025-12-20;;43;16611;2026-01-30;4;0;Дом культуры имени Зуева;55.77938614;37.58970088;0;True;True
4420;7;939;Тм;2042578;0;0;2025-12-20;;44;16612;2026-01-30;1;0;"Метро ""Белорусская""";55.77726964;37.58648288;0;True;True
4420;7;939;Тм;2042578;0;0;2025-12-20;;45;1001795;2026-01-30;6;0;Белорусский вокзал;55.77634643;37.58343516;0;True;True
4420;7;939;Тм;2042579;0;1;2025-12-20;;1;1001795;2026-01-30;1;0;Белорусский вокзал;55.77634643;37.58343516;0;True;True
4420;7;939;Тм;2042579;0;1;2025-12-20;;2;16614;2026-01-30;1;0;"Метро ""Белорусская""";55.77714634;37.58669239;0;True;True
4420;7;939;Тм;2042579;0;1;2025-12-20;;3;1002779;2026-01-30;4;0;Дом культуры имени Зуева;55.77925154;37.58994928;0;True;True
4420;7;939;Тм;2042579;0;1;2025-12-20;;4;16610;2026-01-30;1;0;Миусское депо;55.78086451;37.59247197;0;True;True
4420;7;939;Тм;2042579;0;1;2025-12-20;;5;16607;2026-01-30;1;0;Лесная улица;55.78370364;37.59664108;0;True;True
4420;7;939;Тм;2042579;0;1;2025-12-20;;6;21544;2026-01-30;1;0;Улица Палиха;55.78514864;37.60259878;0;True;True
4420;7;939;Тм;2042579;0;1;2025-12-20;;7;1009846;2026-01-30;1;0;Площадь Борьбы;55.78433889;37.60644146;0;True;True
4420;7;939;Тм;2042579;0;1;2025-12-20;;8;4181;2026-01-30;4;0;Улица Достоевского;55.78302671;37.61039943;0;True;True
4420;7;939;Тм;2042579;0;1;2025-12-20;;9;4182;2026-01-30;4;0;Селезнёвская улица;55.78114054;37.6091626;0;True;True
4420;7;939;Тм;2042579;0;1;2025-12-20;;10;13136;2026-01-30;4;0;4-й Самотёчный переулок;55.77937305;37.61283405;0;True;True
4420;7;939;Тм;2042579;0;1;2025-12-20;;11;4184;2026-01-30;4;0;Самотёчная улица;55.77847152;37.6166926;0;True;True
4420;7;939;Тм;2042579;0;1;2025-12-20;;12;4185;2026-01-30;1;0;Театр зверей имени Дурова;55.77897066;37.62313801;0;True;True
4420;7;939;Тм;2042579;0;1;2025-12-20;;13;4186;2026-01-30;1;0;Улица Щепкина;55.77826007;37.62996712;0;True;True
4420;7;939;Тм;2042579;0;1;2025-12-20;;14;13137;2026-01-30;4;0;Улица Гиляровского;55.77922948;37.63100066;0;True;True
4420;7;939;Тм;2042579;0;1;2025-12-20;;15;16515;2026-01-30;1;0;"Спорткомплекс ""Олимпийский""";55.78055104;37.63249961;0;True;True
4420;7;939;Тм;2042579;0;1;2025-12-20;;16;4187;2026-01-30;1;0;"Метро ""Проспект Мира""";55.78033636;37.63426668;0;True;True
4420;7;939;Тм;2042579;0;1;2025-12-20;;17;13135;2026-01-30;1;0;Ботанический переулок;55.77978343;37.63967709;0;True;True
4420;7;939;Тм;2042579;0;1;2025-12-20;;18;4172;2026-01-30;1;0;Астраханский переулок;55.77959408;37.64217475;0;True;True
4420;7;939;Тм;2042579;0;1;2025-12-20;;19;21542;2026-01-30;1;0;Пантелеевская улица;55.77943766;37.64511275;0;True;True
4420;7;939;Тм;2042579;0;1;2025-12-20;;20;3422;2026-01-30;1;0;Каланчёвская улица;55.77587563;37.65008548;0;True;True
4420;7;939;Тм;2042579;0;1;2025-12-20;;21;22640;2026-01-30;1;0;МЦД Площадь трёх вокзалов;55.77458851;37.65317522;0;True;True
4420;7;939;Тм;2042579;0;1;2025-12-20;;22;13920;2026-01-30;1;0;"Метро ""Комсомольская""";55.77528444;37.65583193;0;True;True
4420;7;939;Тм;2042579;0;1;2025-12-20;;23;4190;2026-01-30;1;0;"Метро ""Красносельская""";55.7791991;37.66570764;0;True;True
4420;7;939;Тм;2042579;0;1;2025-12-20;;24;6760;2026-01-30;1;0;Леснорядская улица;55.78173574;37.6707031;0;True;True
4420;7;939;Тм;2042579;0;1;2025-12-20;;25;6157;2026-01-30;1;0;МЦД Митьково;55.78534016;37.67586004;0;True;True
4420;7;939;Тм;2042579;0;1;2025-12-20;;26;14018;2026-01-30;1;0;"Метро ""Сокольники""";55.78926192;37.68108697;0;True;True
4420;7;939;Тм;2042579;0;1;2025-12-20;;27;3702;2026-01-30;1;0;"Клуб Русакова - Сцена ""Мельников""";55.79142768;37.68664524;0;True;True
4420;7;939;Тм;2042579;0;1;2025-12-20;;28;6158;2026-01-30;1;0;Малая Остроумовская улица;55.7931836;37.69116107;0;True;True
4420;7;939;Тм;2042579;0;1;2025-12-20;;29;6159;2026-01-30;1;0;Трамвайное депо имени Русакова;55.79429628;37.69824516;0;True;True
4420;7;939;Тм;2042579;0;1;2025-12-20;;30;3703;2026-01-30;1;0;Преображенская площадь;55.79516086;37.70936603;0;True;True
4420;7;939;Тм;2042579;0;1;2025-12-20;;31;3650;2026-01-30;1;0;"Метро ""Преображенская площадь""";55.7970052;37.71486676;0;True;True
4420;7;939;Тм;2042579;0;1;2025-12-20;;32;3651;2026-01-30;1;0;Улица Хромова;55.80015014;37.71291695;0;True;True
4420;7;939;Тм;2042579;0;1;2025-12-20;;33;3652;2026-01-30;1;0;Мосгорсуд;55.80443371;37.70748084;0;True;True
4420;7;939;Тм;2042579;0;1;2025-12-20;;34;3653;2026-01-30;1;0;"Телерадиокомпания ""МИР""";55.80682671;37.70662416;0;True;True
4420;7;939;Тм;2042579;0;1;2025-12-20;;35;3654;2026-01-30;1;0;1-я Прогонная улица;55.81000988;37.70393402;0;True;True
4420;7;939;Тм;2042579;0;1;2025-12-20;;36;3655;2026-01-30;1;0;Инновационный университет;55.81258472;37.69763443;0;True;True
4420;7;939;Тм;2042579;0;1;2025-12-20;;37;6160;2026-01-30;1;0;Богородский храм;55.81489989;37.69588962;0;True;True
4420;7;939;Тм;2042579;0;1;2025-12-20;;38;3665;2026-01-30;1;0;Богородское;55.81657268;37.70056572;0;True;True
4420;7;939;Тм;2042579;0;1;2025-12-20;;39;3666;2026-01-30;1;0;Ланинский переулок;55.81876844;37.70494203;0;True;True
4420;7;939;Тм;2042579;0;1;2025-12-20;;40;3667;2026-01-30;1;0;Погонный проезд;55.81963163;37.71011632;0;True;True
4420;7;939;Тм;2042579;0;1;2025-12-20;;41;3952;2026-01-30;1;0;Игральная улица;55.81848072;37.71553261;0;True;True
4420;7;939;Тм;2042579;0;1;2025-12-20;;42;3668;2026-01-30;1;0;3-й проезд Подбельского;55.81800234;37.72105631;0;True;True
4420;7;939;Тм;2042579;0;1;2025-12-20;;43;3692;2026-01-30;1;0;5-й проезд Подбельского;55.81698697;37.72597918;0;True;True
4420;7;939;Тм;2042579;0;1;2025-12-20;;44;8605;2026-01-30;3;0;"Метро ""Бульвар Рокоссовского""";55.81425897;37.73418276;0;True;True
4423;11;943;Тм;2043371;0;0;2025-12-20;;1;6152;2026-02-09;5;0;Усадьба Останкино;55.8227811;37.61705787;0;True;True
4423;11;943;Тм;2043371;0;0;2025-12-20;;2;6153;2026-02-09;2;0;Усадьба Останкино;55.82346959;37.61571397;0;True;True
4423;11;943;Тм;2043371;0;0;2025-12-20;;3;3609;2026-02-09;1;0;Аргуновская улица;55.82176481;37.62131379;0;True;True
4423;11;943;Тм;2043371;0;0;2025-12-20;;4;3610;2026-02-09;1;0;Улица Цандера;55.82175285;37.62821348;0;True;True
4423;11;943;Тм;2043371;0;0;2025-12-20;;5;3611;2026-02-09;1;0;ВДНХ (южная);55.82199764;37.63369298;0;True;True
4423;11;943;Тм;2043371;0;0;2025-12-20;;6;11288;2026-02-09;1;0;"Метро ""ВДНХ""";55.82398187;37.63883226;0;True;True
4423;11;943;Тм;2043371;0;0;2025-12-20;;7;10148;2026-02-09;1;0;ВДНХ (северная);55.82702627;37.64645487;0;True;True
4423;11;943;Тм;2043371;0;0;2025-12-20;;8;22810;2026-02-09;1;0;Проспект Мира;55.82629202;37.64880049;0;True;True
4423;11;943;Тм;2043371;0;0;2025-12-20;;9;1212;2026-02-09;1;0;Ярославская улица;55.82493055;37.65220128;0;True;True
4423;11;943;Тм;2043371;0;0;2025-12-20;;10;1213;2026-02-09;1;0;Улица Бориса Галушкина, 17;55.82284593;37.65842513;0;True;True
4423;11;943;Тм;2043371;0;0;2025-12-20;;11;1214;2026-02-09;1;0;Площадь Академика Люльки;55.82155687;37.66259641;0;True;True
4423;11;943;Тм;2043371;0;0;2025-12-20;;12;1215;2026-02-09;4;0;Станция Юных натуралистов;55.81920196;37.6705852;0;True;True
4423;11;943;Тм;2043371;0;0;2025-12-20;;13;1216;2026-02-09;4;0;Лингвистический университет;55.81729369;37.67884815;0;True;True
4423;11;943;Тм;2043371;0;0;2025-12-20;;14;7163;2026-02-09;1;0;Ростокинский проезд;55.81532221;37.68398277;0;True;True
4423;11;943;Тм;2043371;0;0;2025-12-20;;15;1001713;2026-02-09;4;0;Богатырский мост;55.8167224;37.68907251;0;True;True
4423;11;943;Тм;2043371;0;0;2025-12-20;;16;3613;2026-02-09;1;0;Богородский храм;55.81479706;37.69410236;0;True;True
4423;11;943;Тм;2043371;0;0;2025-12-20;;17;3614;2026-02-09;1;0;Инновационный университет;55.81229936;37.69781074;0;True;True
4423;11;943;Тм;2043371;0;0;2025-12-20;;18;3615;2026-02-09;1;0;1-я Прогонная улица;55.80998018;37.70357601;0;True;True
4423;11;943;Тм;2043371;0;0;2025-12-20;;19;3616;2026-02-09;1;0;"Телерадиокомпания ""МИР""";55.80717974;37.70608636;0;True;True
4423;11;943;Тм;2043371;0;0;2025-12-20;;20;3617;2026-02-09;1;0;Мосгорсуд;55.80466788;37.70709936;0;True;True
4423;11;943;Тм;2043371;0;0;2025-12-20;;21;3618;2026-02-09;1;0;Улица Хромова;55.79992558;37.71265136;0;True;True
4423;11;943;Тм;2043371;0;0;2025-12-20;;22;8630;2026-02-09;1;0;"Метро ""Преображенская площадь""";55.79762528;37.71451347;0;True;True
4423;11;943;Тм;2043371;0;0;2025-12-20;;23;3850;2026-02-09;1;0;"Метро ""Преображенская площадь""";55.79464714;37.71434124;0;True;True
4423;11;943;Тм;2043371;0;0;2025-12-20;;24;22814;2026-02-09;1;0;Преображенское кладбище;55.79186012;37.71531926;0;True;True
4423;11;943;Тм;2043371;0;0;2025-12-20;;25;3649;2026-02-09;1;0;Улица Преображенский Вал;55.78924832;37.71638709;0;True;True
4423;11;943;Тм;2043371;0;0;2025-12-20;;26;7144;2026-02-09;1;0;Улица Измайловский Вал;55.78742708;37.716869;0;True;True
4423;11;943;Тм;2043371;0;0;2025-12-20;;27;3622;2026-02-09;1;0;"Метро ""Семёновская""";55.78215255;37.72008527;0;True;True
4423;11;943;Тм;2043371;0;0;2025-12-20;;28;3623;2026-02-09;1;0;Улица Ибрагимова;55.78258775;37.73112375;0;True;True
4423;11;943;Тм;2043371;0;0;2025-12-20;;29;3624;2026-02-09;1;0;Фортунатовская улица;55.78286096;37.73864919;0;True;True
4423;11;943;Тм;2043371;0;0;2025-12-20;;30;16916;2026-02-09;4;0;Мост Окружной железной дороги;55.78379333;37.74609084;0;True;True
4423;11;943;Тм;2043371;0;0;2025-12-20;;31;8844;2026-02-09;1;0;"Метро ""Партизанская""";55.78654187;37.75022768;0;True;True
4423;11;943;Тм;2043371;0;0;2025-12-20;;32;3627;2026-02-09;4;0;Главная аллея;55.7866487;37.76169693;0;True;True
4423;11;943;Тм;2043371;0;0;2025-12-20;;33;7894;2026-02-09;1;0;"Галерея ""Измайлово""";55.79007904;37.77092625;0;True;True
4423;11;943;Тм;2043371;0;0;2025-12-20;;34;3628;2026-02-09;1;0;Измайловская площадь;55.79207947;37.77820362;0;True;True
4423;11;943;Тм;2043371;0;0;2025-12-20;;35;3629;2026-02-09;1;0;3-я Парковая улица;55.79281619;37.78379377;0;True;True
4423;11;943;Тм;2043371;0;0;2025-12-20;;36;3630;2026-02-09;1;0;5-я Парковая улица;55.792988;37.78902938;0;True;True
4423;11;943;Тм;2043371;0;0;2025-12-20;;37;3631;2026-02-09;1;0;7-я Парковая улица;55.79311915;37.79476118;0;True;True
4423;11;943;Тм;2043371;0;0;2025-12-20;;38;3632;2026-02-09;1;0;"Метро ""Первомайская""";55.79317447;37.80028776;0;True;True
4423;11;943;Тм;2043371;0;0;2025-12-20;;39;4072;2026-02-09;1;0;"Районный центр ""Первомайский""";55.79327873;37.80625892;0;True;True
4423;11;943;Тм;2043371;0;0;2025-12-20;;40;3691;2026-02-09;1;0;13-я Парковая улица;55.79339478;37.81327101;0;True;True
4423;11;943;Тм;2043371;0;0;2025-12-20;;41;3633;2026-02-09;3;0;15-я Парковая улица;55.79350052;37.8198454;0;True;True
4423;11;943;Тм;2043371;0;0;2025-12-20;;42;10463;2026-02-09;5;0;Восточное Измайлово;55.79448147;37.82268714;0;True;True
4423;11;943;Тм;2043372;0;1;2025-12-20;;1;10463;2026-02-09;5;0;Восточное Измайлово;55.79448147;37.82268714;0;True;True
4423;11;943;Тм;2043372;0;1;2025-12-20;;2;3707;2026-02-09;2;0;Восточное Измайлово;55.79364821;37.82154062;0;True;True
4423;11;943;Тм;2043372;0;1;2025-12-20;;3;3636;2026-02-09;1;0;15-я Парковая улица;55.7935984;37.81852669;0;True;True
4423;11;943;Тм;2043372;0;1;2025-12-20;;4;3637;2026-02-09;1;0;13-я Парковая улица;55.79349712;37.8121004;0;True;True
4423;11;943;Тм;2043372;0;1;2025-12-20;;5;4070;2026-02-09;1;0;"Районный центр ""Первомайский""";55.79337532;37.80490753;0;True;True
4423;11;943;Тм;2043372;0;1;2025-12-20;;6;4073;2026-02-09;1;0;"Метро ""Первомайская""";55.79327072;37.79854007;0;True;True
4423;11;943;Тм;2043372;0;1;2025-12-20;;7;3638;2026-02-09;1;0;7-я Парковая улица;55.79321952;37.79330963;0;True;True
4423;11;943;Тм;2043372;0;1;2025-12-20;;8;3639;2026-02-09;1;0;5-я Парковая улица;55.79308626;37.78740798;0;True;True
4423;11;943;Тм;2043372;0;1;2025-12-20;;9;3640;2026-02-09;1;0;3-я Парковая улица;55.7927587;37.78212551;0;True;True
4423;11;943;Тм;2043372;0;1;2025-12-20;;10;6257;2026-02-09;1;0;Измайловская площадь;55.79145605;37.77504648;0;True;True
4423;11;943;Тм;2043372;0;1;2025-12-20;;11;7896;2026-02-09;1;0;"Галерея ""Измайлово""";55.79019455;37.7708356;0;True;True
4423;11;943;Тм;2043372;0;1;2025-12-20;;12;7897;2026-02-09;4;0;Главная аллея;55.78678655;37.76108428;0;True;True
4423;11;943;Тм;2043372;0;1;2025-12-20;;13;8843;2026-02-09;1;0;"Метро ""Партизанская""";55.78665204;37.75092424;0;True;True
4423;11;943;Тм;2043372;0;1;2025-12-20;;14;16917;2026-02-09;4;0;Мост Окружной железной дороги;55.78365525;37.74594301;0;True;True
4423;11;943;Тм;2043372;0;1;2025-12-20;;15;3644;2026-02-09;1;0;Фортунатовская улица;55.78309315;37.73908137;0;True;True
4423;11;943;Тм;2043372;0;1;2025-12-20;;16;3645;2026-02-09;1;0;Улица Ибрагимова;55.78269035;37.73005338;0;True;True
4423;11;943;Тм;2043372;0;1;2025-12-20;;17;3646;2026-02-09;1;0;"Метро ""Семёновская""";55.78238945;37.72186995;0;True;True
4423;11;943;Тм;2043372;0;1;2025-12-20;;18;22812;2026-02-09;1;0;"Метро ""Семёновская""";55.78259463;37.71879049;0;True;True
4423;11;943;Тм;2043372;0;1;2025-12-20;;19;3648;2026-02-09;1;0;Улица Измайловский Вал;55.78746136;37.717206;0;True;True
4423;11;943;Тм;2043372;0;1;2025-12-20;;20;22817;2026-02-09;1;0;Улица Преображенский Вал;55.78927165;37.7167225;0;True;True
4423;11;943;Тм;2043372;0;1;2025-12-20;;21;5854;2026-02-09;1;0;Преображенское кладбище;55.79196763;37.71557242;0;True;True
4423;11;943;Тм;2043372;0;1;2025-12-20;;22;8595;2026-02-09;1;0;"Метро ""Преображенская площадь""";55.79467081;37.71483784;0;True;True
4423;11;943;Тм;2043372;0;1;2025-12-20;;23;3650;2026-02-09;1;0;"Метро ""Преображенская площадь""";55.7970052;37.71486676;0;True;True
4423;11;943;Тм;2043372;0;1;2025-12-20;;24;3651;2026-02-09;1;0;Улица Хромова;55.80015014;37.71291695;0;True;True
4423;11;943;Тм;2043372;0;1;2025-12-20;;25;3652;2026-02-09;1;0;Мосгорсуд;55.80443371;37.70748084;0;True;True
4423;11;943;Тм;2043372;0;1;2025-12-20;;26;3653;2026-02-09;1;0;"Телерадиокомпания ""МИР""";55.80682671;37.70662416;0;True;True
4423;11;943;Тм;2043372;0;1;2025-12-20;;27;3654;2026-02-09;1;0;1-я Прогонная улица;55.81000988;37.70393402;0;True;True
4423;11;943;Тм;2043372;0;1;2025-12-20;;28;3655;2026-02-09;1;0;Инновационный университет;55.81258472;37.69763443;0;True;True
4423;11;943;Тм;2043372;0;1;2025-12-20;;29;4531;2026-02-09;1;0;Богородский храм;55.81493563;37.69426254;0;True;True
4423;11;943;Тм;2043372;0;1;2025-12-20;;30;3656;2026-02-09;4;0;Богатырский мост;55.81701221;37.68872806;0;True;True
4423;11;943;Тм;2043372;0;1;2025-12-20;;31;7120;2026-02-09;1;0;Ростокинский проезд;55.81570202;37.68489199;0;True;True
4423;11;943;Тм;2043372;0;1;2025-12-20;;32;1233;2026-02-09;4;0;Лингвистический университет;55.81738739;37.6789477;0;True;True
4423;11;943;Тм;2043372;0;1;2025-12-20;;33;21896;2026-02-09;1;0;Станция Юных натуралистов;55.81930408;37.67074453;0;True;True
4423;11;943;Тм;2043372;0;1;2025-12-20;;34;1235;2026-02-09;1;0;Площадь Академика Люльки;55.8216512;37.66268397;0;True;True
4423;11;943;Тм;2043372;0;1;2025-12-20;;35;7164;2026-02-09;1;0;Улица Бориса Галушкина, 17;55.82292335;37.65853611;0;True;True
4423;11;943;Тм;2043372;0;1;2025-12-20;;36;7165;2026-02-09;1;0;Ярославская улица;55.82497515;37.6524134;0;True;True
4423;11;943;Тм;2043372;0;1;2025-12-20;;37;1238;2026-02-09;1;0;Проспект Мира;55.82637175;37.64888199;0;True;True
4423;11;943;Тм;2043372;0;1;2025-12-20;;38;10149;2026-02-09;1;0;ВДНХ (северная);55.82728059;37.64595709;0;True;True
4423;11;943;Тм;2043372;0;1;2025-12-20;;39;10150;2026-02-09;1;0;"Метро ""ВДНХ""";55.82395384;37.63855518;0;True;True
4423;11;943;Тм;2043372;0;1;2025-12-20;;40;3657;2026-02-09;1;0;ВДНХ (южная);55.82214444;37.6339465;0;True;True
4423;11;943;Тм;2043372;0;1;2025-12-20;;41;3658;2026-02-09;1;0;Улица Цандера;55.8218625;37.62890637;0;True;True
4423;11;943;Тм;2043372;0;1;2025-12-20;;42;3659;2026-02-09;1;0;Аргуновская улица;55.82192054;37.62187219;0;True;True
4423;11;943;Тм;2043372;0;1;2025-12-20;;43;6152;2026-02-09;3;0;Усадьба Останкино;55.8227811;37.61705787;0;True;True
4428;12;944;Тм;2043157;0;0;2025-12-20;;1;10463;2026-02-05;5;0;Восточное Измайлово;55.79448147;37.82268714;0;True;True
4428;12;944;Тм;2043157;0;0;2025-12-20;;2;3707;2026-02-05;2;0;Восточное Измайлово;55.79364821;37.82154062;0;True;True
4428;12;944;Тм;2043157;0;0;2025-12-20;;3;3636;2026-02-05;1;0;15-я Парковая улица;55.7935984;37.81852669;0;True;True
4428;12;944;Тм;2043157;0;0;2025-12-20;;4;3637;2026-02-05;1;0;13-я Парковая улица;55.79349712;37.8121004;0;True;True
4428;12;944;Тм;2043157;0;0;2025-12-20;;5;4070;2026-02-05;1;0;"Районный центр ""Первомайский""";55.79337532;37.80490753;0;True;True
4428;12;944;Тм;2043157;0;0;2025-12-20;;6;4073;2026-02-05;1;0;"Метро ""Первомайская""";55.79327072;37.79854007;0;True;True
4428;12;944;Тм;2043157;0;0;2025-12-20;;7;3638;2026-02-05;1;0;7-я Парковая улица;55.79321952;37.79330963;0;True;True
4428;12;944;Тм;2043157;0;0;2025-12-20;;8;3639;2026-02-05;1;0;5-я Парковая улица;55.79308626;37.78740798;0;True;True
4428;12;944;Тм;2043157;0;0;2025-12-20;;9;3640;2026-02-05;1;0;3-я Парковая улица;55.7927587;37.78212551;0;True;True
4428;12;944;Тм;2043157;0;0;2025-12-20;;10;6257;2026-02-05;1;0;Измайловская площадь;55.79145605;37.77504648;0;True;True
4428;12;944;Тм;2043157;0;0;2025-12-20;;11;7896;2026-02-05;1;0;"Галерея ""Измайлово""";55.79019455;37.7708356;0;True;True
4428;12;944;Тм;2043157;0;0;2025-12-20;;12;7897;2026-02-05;4;0;Главная аллея;55.78678655;37.76108428;0;True;True
4428;12;944;Тм;2043157;0;0;2025-12-20;;13;8843;2026-02-05;1;0;"Метро ""Партизанская""";55.78665204;37.75092424;0;True;True
4428;12;944;Тм;2043157;0;0;2025-12-20;;14;16917;2026-02-05;1;0;Мост Окружной железной дороги;55.78365525;37.74594301;0;True;True
4428;12;944;Тм;2043157;0;0;2025-12-20;;15;3644;2026-02-05;1;0;Фортунатовская улица;55.78309315;37.73908137;0;True;True
4428;12;944;Тм;2043157;0;0;2025-12-20;;16;3645;2026-02-05;1;0;Улица Ибрагимова;55.78269035;37.73005338;0;True;True
4428;12;944;Тм;2043157;0;0;2025-12-20;;17;3646;2026-02-05;1;0;"Метро ""Семёновская""";55.78238945;37.72186995;0;True;True
4428;12;944;Тм;2043157;0;0;2025-12-20;;18;21450;2026-02-05;1;0;"Метро ""Семёновская""";55.78165116;37.71850165;0;True;True
4428;12;944;Тм;2043157;0;0;2025-12-20;;19;4659;2026-02-05;1;0;Кирпичная улица;55.77756426;37.72132116;0;True;True
4428;12;944;Тм;2043157;0;0;2025-12-20;;20;22816;2026-02-05;1;0;Вольная улица;55.77530992;37.72335535;0;True;True
4428;12;944;Тм;2043157;0;0;2025-12-20;;21;4074;2026-02-05;1;0;10-я улица Соколиной Горы;55.77217249;37.72620637;0;True;True
4428;12;944;Тм;2043157;0;0;2025-12-20;;22;3927;2026-02-05;1;0;9-я улица Соколиной Горы;55.76985337;37.72829742;0;True;True
4428;12;944;Тм;2043157;0;0;2025-12-20;;23;4657;2026-02-05;1;0;8-я улица Соколиной Горы;55.76801258;37.72997799;0;True;True
4428;12;944;Тм;2043157;0;0;2025-12-20;;24;10406;2026-02-05;1;0;Проспект Будённого, 24;55.76537644;37.73237164;0;True;True
4428;12;944;Тм;2043157;0;0;2025-12-20;;25;4661;2026-02-05;1;0;5-я улица Соколиной Горы;55.76250165;37.73501869;0;True;True
4428;12;944;Тм;2043157;0;0;2025-12-20;;26;16114;2026-02-05;1;0;3-я улица Соколиной Горы;55.76037197;37.73699846;0;True;True
4428;12;944;Тм;2043157;0;0;2025-12-20;;27;3941;2026-02-05;1;0;Гаражная улица;55.75726262;37.73982687;0;True;True
4428;12;944;Тм;2043157;0;0;2025-12-20;;28;6090;2026-02-05;1;0;Улица Буракова;55.75561843;37.73695626;0;True;True
4428;12;944;Тм;2043157;0;0;2025-12-20;;29;6264;2026-02-05;1;0;"Дом культуры ""Компрессор""";55.75309599;37.72392332;0;True;True
4428;12;944;Тм;2043157;0;0;2025-12-20;;30;1009094;2026-02-05;1;0;"Метро ""Авиамоторная""";55.75246234;37.72077085;0;True;True
4428;12;944;Тм;2043157;0;0;2025-12-20;;31;14572;2026-02-05;1;0;"Метро ""Авиамоторная""";55.75147797;37.71547704;0;True;True
4428;12;944;Тм;2043157;0;0;2025-12-20;;32;22095;2026-02-05;4;0;Горбатый путепровод;55.75019468;37.70916248;0;True;True
4428;12;944;Тм;2043157;0;0;2025-12-20;;33;6009;2026-02-05;1;0;Душинская улица;55.74863737;37.70119769;0;True;True
4428;12;944;Тм;2043157;0;0;2025-12-20;;34;15496;2026-02-05;1;0;Старообрядческая улица;55.74786714;37.69482339;0;True;True
4428;12;944;Тм;2043157;0;0;2025-12-20;;35;7606;2026-02-05;4;0;МЦД Москва-Товарная;55.74743741;37.68921718;0;True;True
4428;12;944;Тм;2043157;0;0;2025-12-20;;36;14922;2026-02-05;1;0;"Метро ""Площадь Ильича""";55.74687906;37.68165749;0;True;True
4428;12;944;Тм;2043157;0;0;2025-12-20;;37;6011;2026-02-05;1;0;Библиотечная улица;55.74524225;37.67860398;0;True;True
4428;12;944;Тм;2043157;0;0;2025-12-20;;38;6012;2026-02-05;1;0;Новорогожская улица;55.74318985;37.67672405;0;True;True
4428;12;944;Тм;2043157;0;0;2025-12-20;;39;6013;2026-02-05;1;0;Малая Андроньевская улица;55.74057473;37.67422608;0;True;True
4428;12;944;Тм;2043157;0;0;2025-12-20;;40;22949;2026-02-05;1;0;Абельмановская Застава;55.73798843;37.67244582;0;True;True
4428;12;944;Тм;2043157;0;0;2025-12-20;;41;6014;2026-02-05;1;0;"Кинотеатр ""Победа""";55.73521976;37.67026601;0;True;True
4428;12;944;Тм;2043157;0;0;2025-12-20;;42;6023;2026-02-05;1;0;"Метро ""Пролетарская""";55.73133132;37.6634618;0;True;True
4428;12;944;Тм;2043157;0;0;2025-12-20;;43;8610;2026-02-05;4;0;Динамовская улица;55.72975115;37.66152474;0;True;True
4428;12;944;Тм;2043157;0;0;2025-12-20;;44;8611;2026-02-05;4;0;Арбатецкая улица;55.72684475;37.66331442;0;True;True
4428;12;944;Тм;2043157;0;0;2025-12-20;;45;1000509;2026-02-05;1;0;Шарикоподшипниковская улица;55.72424032;37.66395416;0;True;True
4428;12;944;Тм;2043157;0;0;2025-12-20;;46;6016;2026-02-05;4;0;ЦНИИТМАШ;55.72188493;37.66849532;0;True;True
4428;12;944;Тм;2043157;0;0;2025-12-20;;47;6020;2026-02-05;4;0;Новоостаповская улица;55.72083739;37.67388165;0;True;True
4428;12;944;Тм;2043157;0;0;2025-12-20;;48;5387;2026-02-05;1;0;"Метро ""Дубровка""";55.71818243;37.6760721;0;True;True
4428;12;944;Тм;2043157;0;0;2025-12-20;;49;10737;2026-02-05;1;0;МЦК Дубровка;55.71537983;37.67823797;0;True;True
4428;12;944;Тм;2043157;0;0;2025-12-20;;50;8439;2026-02-05;6;0;МЦК Дубровка;55.71421404;37.67850074;0;True;True
4428;12;944;Тм;2043158;0;1;2025-12-20;;1;8439;2026-02-05;1;0;МЦК Дубровка;55.71421404;37.67850074;0;True;True
4428;12;944;Тм;2043158;0;1;2025-12-20;;2;8098;2026-02-05;1;0;МЦК Дубровка;55.71521257;37.67853812;0;True;True
4428;12;944;Тм;2043158;0;1;2025-12-20;;3;6019;2026-02-05;1;0;"Метро ""Дубровка""";55.71787208;37.67652303;0;True;True
4428;12;944;Тм;2043158;0;1;2025-12-20;;4;6017;2026-02-05;1;0;Новоостаповская улица;55.72044752;37.6746132;0;True;True
4428;12;944;Тм;2043158;0;1;2025-12-20;;5;6021;2026-02-05;4;0;ЦНИИТМАШ;55.72198839;37.66913948;0;True;True
4428;12;944;Тм;2043158;0;1;2025-12-20;;6;3788;2026-02-05;1;0;Шарикоподшипниковская улица;55.72367835;37.66417052;0;True;True
4428;12;944;Тм;2043158;0;1;2025-12-20;;7;8612;2026-02-05;4;0;Арбатецкая улица;55.72674768;37.66354269;0;True;True
4428;12;944;Тм;2043158;0;1;2025-12-20;;8;8613;2026-02-05;4;0;Динамовская улица;55.73006156;37.66156425;0;True;True
4428;12;944;Тм;2043158;0;1;2025-12-20;;9;7193;2026-02-05;1;0;"Метро ""Пролетарская""";55.73134335;37.66409171;0;True;True
4428;12;944;Тм;2043158;0;1;2025-12-20;;10;6024;2026-02-05;1;0;"Кинотеатр ""Победа""";55.73487675;37.67037214;0;True;True
4428;12;944;Тм;2043158;0;1;2025-12-20;;11;6025;2026-02-05;1;0;Абельмановская Застава;55.73794835;37.67259894;0;True;True
4428;12;944;Тм;2043158;0;1;2025-12-20;;12;6026;2026-02-05;1;0;Новорогожская улица;55.74348693;37.67741908;0;True;True
4428;12;944;Тм;2043158;0;1;2025-12-20;;13;6027;2026-02-05;1;0;Библиотечная улица;55.74522631;37.67909484;0;True;True
4428;12;944;Тм;2043158;0;1;2025-12-20;;14;8459;2026-02-05;1;0;"Метро ""Площадь Ильича""";55.74677458;37.68172587;0;True;True
4428;12;944;Тм;2043158;0;1;2025-12-20;;15;7605;2026-02-05;4;0;МЦД Москва-Товарная;55.7473783;37.68947773;0;True;True
4428;12;944;Тм;2043158;0;1;2025-12-20;;16;15495;2026-02-05;1;0;Старообрядческая улица;55.74765675;37.69341695;0;True;True
4428;12;944;Тм;2043158;0;1;2025-12-20;;17;6029;2026-02-05;1;0;Душинская улица;55.74870511;37.7020464;0;True;True
4428;12;944;Тм;2043158;0;1;2025-12-20;;18;22096;2026-02-05;4;0;Горбатый путепровод;55.74993524;37.70844553;0;True;True
4428;12;944;Тм;2043158;0;1;2025-12-20;;19;5342;2026-02-05;1;0;"Метро ""Авиамоторная""";55.75150237;37.7161645;0;True;True
4428;12;944;Тм;2043158;0;1;2025-12-20;;20;1009095;2026-02-05;1;0;"Метро ""Авиамоторная""";55.75236271;37.72082716;0;True;True
4428;12;944;Тм;2043158;0;1;2025-12-20;;21;6266;2026-02-05;1;0;"Дом культуры ""Компрессор""";55.75291464;37.72378877;0;True;True
4428;12;944;Тм;2043158;0;1;2025-12-20;;22;6087;2026-02-05;1;0;Улица Буракова;55.75545612;37.73668507;0;True;True
4428;12;944;Тм;2043158;0;1;2025-12-20;;23;3930;2026-02-05;1;0;Гаражная улица;55.75737659;37.73988521;0;True;True
4428;12;944;Тм;2043158;0;1;2025-12-20;;24;7143;2026-02-05;1;0;3-я улица Соколиной Горы;55.76110903;37.73645468;0;True;True
4428;12;944;Тм;2043158;0;1;2025-12-20;;25;3863;2026-02-05;1;0;5-я улица Соколиной Горы;55.76358271;37.73419408;0;True;True
4428;12;944;Тм;2043158;0;1;2025-12-20;;26;10702;2026-02-05;1;0;Проспект Будённого, 24;55.76541912;37.73250897;0;True;True
4428;12;944;Тм;2043158;0;1;2025-12-20;;27;4660;2026-02-05;1;0;8-я улица Соколиной Горы;55.76798773;37.73015084;0;True;True
4428;12;944;Тм;2043158;0;1;2025-12-20;;28;3943;2026-02-05;1;0;9-я улица Соколиной Горы;55.77063947;37.72774494;0;True;True
4428;12;944;Тм;2043158;0;1;2025-12-20;;29;4069;2026-02-05;1;0;10-я улица Соколиной Горы;55.7727669;37.7258268;0;True;True
4428;12;944;Тм;2043158;0;1;2025-12-20;;30;22815;2026-02-05;1;0;Вольная улица;55.77534646;37.7234992;0;True;True
4428;12;944;Тм;2043158;0;1;2025-12-20;;31;4658;2026-02-05;1;0;Кирпичная улица;55.77764821;37.72136516;0;True;True
4428;12;944;Тм;2043158;0;1;2025-12-20;;32;3622;2026-02-05;1;0;"Метро ""Семёновская""";55.78215255;37.72008527;0;True;True
4428;12;944;Тм;2043158;0;1;2025-12-20;;33;3623;2026-02-05;1;0;Улица Ибрагимова;55.78258775;37.73112375;0;True;True
4428;12;944;Тм;2043158;0;1;2025-12-20;;34;3624;2026-02-05;1;0;Фортунатовская улица;55.78286096;37.73864919;0;True;True
4428;12;944;Тм;2043158;0;1;2025-12-20;;35;16916;2026-02-05;1;0;Мост Окружной железной дороги;55.78379333;37.74609084;0;True;True
4428;12;944;Тм;2043158;0;1;2025-12-20;;36;8844;2026-02-05;1;0;"Метро ""Партизанская""";55.78654187;37.75022768;0;True;True
4428;12;944;Тм;2043158;0;1;2025-12-20;;37;3627;2026-02-05;4;0;Главная аллея;55.7866487;37.76169693;0;True;True
4428;12;944;Тм;2043158;0;1;2025-12-20;;38;7894;2026-02-05;1;0;"Галерея ""Измайлово""";55.79007904;37.77092625;0;True;True
4428;12;944;Тм;2043158;0;1;2025-12-20;;39;3628;2026-02-05;1;0;Измайловская площадь;55.79207947;37.77820362;0;True;True
4428;12;944;Тм;2043158;0;1;2025-12-20;;40;3629;2026-02-05;1;0;3-я Парковая улица;55.79281619;37.78379377;0;True;True
4428;12;944;Тм;2043158;0;1;2025-12-20;;41;3630;2026-02-05;1;0;5-я Парковая улица;55.792988;37.78902938;0;True;True
4428;12;944;Тм;2043158;0;1;2025-12-20;;42;3631;2026-02-05;1;0;7-я Парковая улица;55.79311915;37.79476118;0;True;True
4428;12;944;Тм;2043158;0;1;2025-12-20;;43;3632;2026-02-05;1;0;"Метро ""Первомайская""";55.79317447;37.80028776;0;True;True
4428;12;944;Тм;2043158;0;1;2025-12-20;;44;4072;2026-02-05;1;0;"Районный центр ""Первомайский""";55.79327873;37.80625892;0;True;True
4428;12;944;Тм;2043158;0;1;2025-12-20;;45;3691;2026-02-05;1;0;13-я Парковая улица;55.79339478;37.81327101;0;True;True
4428;12;944;Тм;2043158;0;1;2025-12-20;;46;3633;2026-02-05;3;0;15-я Парковая улица;55.79350052;37.8198454;0;True;True
4428;12;944;Тм;2043158;0;1;2025-12-20;;47;10463;2026-02-05;5;0;Восточное Измайлово;55.79448147;37.82268714;0;True;True
